"city","distance_mi","duration_min"
"Abington",34.4,48
"Acton",22.2,29
"Acushnet",67.7,75
"Adams",138.0,156
"Agawam",98.7,99
"Alford",148.0,143
"Amesbury",33.7,36
"Amherst",94.5,102
"Andover",12.5,17
"Aquinnah",111.0,178
"Arlington",11.0,22
"Ashburnham",57.9,63
"Ashby",49.7,64
"Ashfield",115.0,125
"Ashland",34.4,41
"Athol",70.9,73
"Attleboro",52.6,57
"Auburn",53.6,55
"Avon",34.0,41
"Ayer",35.2,40
"Barnstable",82.6,88
"Barre",72.0,77
"Becket",131.0,141
"Bedford",10.9,16
"Belchertown",90.0,94
"Bellingham",50.3,53
"Belmont",18.7,24
"Berkley",53.5,58
"Berlin",43.3,43
"Bernardston",93.4,98
"Beverly",19.0,23
"Billerica",14.5,19
"Blackstone",55.5,63
"Blandford",114.0,116
"Bolton",39.6,39
"Boston",13.7,20
"Bourne",70.1,74
"Boxborough",26.1,37
"Boxford",22.0,25
"Boylston",52.6,52
"Braintree",25.6,33
"Brewster",95.8,102
"Bridgewater",45.0,55
"Brimfield",71.7,74
"Brockton",37.6,48
"Brookfield",73.1,78
"Brookline",17.0,32
"Buckland",110.0,118
"Burlington",6.7,11
"Cambridge",15.7,28
"Canton",33.1,43
"Carlisle",15.7,26
"Carver",60.4,66
"Charlemont",113.0,121
"Charlton",59.7,65
"Chatham",100.0,108
"Chelmsford",21.5,24
"Chelsea",14.6,23
"Cheshire",139.0,158
"Chester",121.0,126
"Chesterfield",124.0,127
"Chicopee",95.4,95
"Chilmark",107.0,170
"Clarksburg",133.0,152
"Clinton",44.0,48
"Cohasset",40.2,56
"Colrain",105.0,112
"Concord",17.0,22
"Conway",109.0,115
"Cummington",130.0,135
"Dalton",148.0,152
"Danvers",16.5,22
"Dartmouth",70.6,75
"Dedham",30.3,35
"Deerfield",95.5,104
"Dennis",90.7,95
"Dighton",58.0,66
"Douglas",62.3,66
"Dover",27.3,37
"Dracut",20.6,27
"Dudley",64.3,70
"Dunstable",29.4,33
"Duxbury",47.5,54
"East Bridgewater",45.4,55
"East Brookfield",67.5,77
"East Longmeadow",95.0,103
"Eastham",107.0,111
"Easthampton",105.0,104
"Easton",41.4,51
"Edgartown",102.0,160
"Egremont",149.0,152
"Erving",80.6,80
"Essex",25.9,35
"Everett",11.9,22
"Fairhaven",74.6,80
"Fall River",64.7,70
"Falmouth",84.7,92
"Fitchburg",48.9,54
"Florida",123.0,135
"Foxborough",43.1,47
"Framingham",28.2,36
"Franklin",52.3,56
"Freetown",60.1,66
"Gardner",58.4,60
"Georgetown",27.2,30
"Gill",91.2,95
"Gloucester",30.5,33
"Goshen",123.0,125
"Gosnold","",""
"Grafton",49.2,53
"Granby",94.4,97
"Granville",118.0,125
"Great Barrington",143.0,142
"Greenfield",94.6,101
"Groton",35.4,41
"Groveland",26.3,35
"Hadley",112.0,108
"Halifax",45.2,62
"Hamilton",23.0,32
"Hampden",89.3,93
"Hancock",159.0,153
"Hanover",37.5,46
"Hanson",39.7,53
"Hardwick",81.4,91
"Harvard",36.7,38
"Harwich",94.8,98
"Hatfield",115.0,110
"Haverhill",23.5,29
"Hawley",117.0,128
"Heath",114.0,124
"Hingham",33.9,47
"Hinsdale",134.0,147
"Holbrook",30.8,44
"Holden",58.7,62
"Holland",74.7,75
"Holliston",35.6,49
"Holyoke",96.3,97
"Hopedale",46.9,54
"Hopkinton",41.5,45
"Hubbardston",61.7,66
"Hudson",42.2,45
"Hull",37.1,63
"Huntington",115.0,117
"Ipswich",26.4,34
"Kingston",49.1,53
"Lakeville",54.3,60
"Lancaster",43.8,47
"Lanesborough",148.0,155
"Lawrence",17.7,23
"Lee",132.0,124
"Leicester",59.0,64
"Lenox",136.0,132
"Leominster",44.4,48
"Leverett",90.7,97
"Lexington",11.0,17
"Leyden",100.0,110
"Lincoln",15.5,20
"Littleton",30.7,32
"Longmeadow",100.0,99
"Lowell",19.0,27
"Ludlow",88.2,87
"Lunenburg",47.7,52
"Lynn",14.4,24
"Lynnfield",7.7,12
"Malden",9.6,19
"Manchester-by-the-Sea",25.1,30
"Mansfield",46.4,50
"Marblehead",19.9,39
"Marion",71.8,74
"Marlborough",37.6,45
"Marshfield",43.1,51
"Mashpee",77.6,84
"Mattapoisett",75.5,77
"Maynard",22.9,33
"Medfield",34.0,43
"Medford",8.4,12
"Medway",40.3,55
"Melrose",7.3,15
"Mendon",48.7,58
"Merrimac",29.7,30
"Methuen",16.5,19
"Middleborough",53.8,59
"Middlefield",124.0,134
"Middleton",12.3,21
"Milford",45.5,50
"Millbury",51.0,53
"Millis",36.8,48
"Millville",55.1,69
"Milton",22.4,30
"Monroe",129.0,147
"Monson",84.8,86
"Montague",91.1,96
"Monterey",141.0,138
"Montgomery",108.0,108
"Mount Washington",157.0,167
"Nahant",18.6,35
"Nantucket",112.0,223
"Natick",25.9,40
"Needham",23.6,30
"New Ashford",154.0,162
"New Bedford",71.8,75
"New Braintree",74.7,87
"New Marlborough",135.0,149
"New Salem",78.8,79
"Newbury",33.3,41
"Newburyport",34.1,38
"Newton",22.5,29
"Norfolk",32.7,40
"North Adams",132.0,149
"North Andover",15.7,18
"North Attleboro",52.3,55
"North Brookfield",68.5,84
"North Reading",6.9,14
"Northampton",110.0,110
"Northborough",48.3,49
"Northbridge",48.2,57
"Northfield",89.2,94
"Norton",51.9,55
"Norwell",36.9,44
"Norwood",31.4,37
"Oak Bluffs",97.0,152
"Oakham",68.8,78
"Orange",76.3,77
"Orleans",101.0,105
"Otis",123.0,130
"Oxford",57.8,58
"Palmer",80.2,78
"Paxton",64.8,72
"Peabody",14.0,19
"Pelham",88.1,91
"Pembroke",43.5,51
"Pepperell",35.2,43
"Peru",134.0,144
"Petersham",70.8,76
"Phillipston",66.8,67
"Pittsfield",143.0,145
"Plainfield",123.0,135
"Plainville",51.4,55
"Plymouth",52.8,58
"Plympton",54.8,62
"Princeton",57.8,62
"Provincetown",128.0,139
"Quincy",23.7,34
"Randolph",29.7,40
"Raynham",47.3,52
"Reading",4.0,9
"Rehoboth",59.6,74
"Revere",17.3,26
"Richmond",142.0,135
"Rochester",65.5,72
"Rockland",34.7,44
"Rockport",34.3,41
"Rowe",122.0,135
"Rowley",29.6,34
"Royalston",73.9,79
"Russell",111.0,111
"Rutland",62.5,69
"Salem",16.4,27
"Salisbury",37.2,39
"Sandisfield",130.0,142
"Sandwich",70.1,75
"Saugus",12.1,20
"Savoy",130.0,144
"Scituate",41.7,54
"Seekonk",68.1,71
"Sharon",38.4,42
"Sheffield",149.0,152
"Shelburne",102.0,107
"Sherborn",31.4,42
"Shirley",40.2,42
"Shrewsbury",53.1,53
"Shutesbury",85.4,88
"Somerset",60.7,71
"Somerville",10.9,19
"South Hadley",96.5,100
"Southampton",108.0,106
"Southborough",34.4,39
"Southbridge",69.0,73
"Southwick",108.0,111
"Spencer",62.3,72
"Springfield",97.3,96
"Sterling",49.6,51
"Stockbridge",137.0,131
"Stoneham",4.6,10
"Stoughton",33.5,44
"Stow",26.7,38
"Sturbridge",65.4,65
"Sudbury",24.5,33
"Sunderland",96.3,103
"Sutton",54.4,57
"Swampscott",16.3,30
"Swansea",65.3,71
"Taunton",50.6,58
"Templeton",62.0,62
"Tewksbury",11.7,17
"Tisbury",96.1,152
"Tolland",121.0,129
"Topsfield",19.8,24
"Townsend",43.6,54
"Truro",119.0,127
"Tyngsborough",26.3,29
"Tyringham",136.0,129
"Upton",43.8,48
"Uxbridge",51.9,64
"Wakefield",5.7,11
"Wales",75.3,79
"Walpole",34.6,45
"Waltham",16.8,23
"Ware",88.0,92
"Wareham",66.9,70
"Warren",74.9,81
"Warwick",84.3,88
"Washington",134.0,145
"Watertown",19.5,30
"Wayland",21.2,28
"Webster",62.8,64
"Wellesley",21.0,26
"Wellfleet",114.0,121
"Wendell",84.3,86
"Wenham",19.7,26
"West Boylston",55.6,57
"West Bridgewater",42.3,49
"West Brookfield",75.9,82
"West Newbury",30.3,35
"West Springfield",97.5,96
"West Stockbridge",139.0,130
"West Tisbury",102.0,161
"Westborough",39.6,48
"Westfield",103.0,100
"Westford",26.3,28
"Westhampton",114.0,118
"Westminster",53.4,54
"Weston",18.0,22
"Westport",65.7,68
"Westwood",29.0,34
"Weymouth",30.4,39
"Whately",101.0,110
"Whitman",36.4,52
"Wilbraham",87.2,90
"Williamsburg",118.0,118
"Williamstown",137.0,159
"Wilmington",3.5,10
"Winchendon",66.6,70
"Winchester",6.1,14
"Windsor",139.0,145
"Winthrop",18.4,30
"Woburn",3.9,13
"Worcester",58.0,58
"Worthington",125.0,131
"Wrentham",45.3,51
"Yarmouth",89.2,94
